-- 003_seed.sql — starter content so the app launches non-empty.
-- Generated deterministically by DevAgent; idempotent (on conflict do nothing).

-- Trips (trips)
insert into public.trips (id, organizer_id, name, start_date, end_date, invite_code, invite_email_address, status, member_limit, recap_unlocked, recap_product_id, cover_image_url) values ('0039b7b6-fa06-5288-8ab8-bd612320d7f5', 'a1b2c3d4-0001-0001-0001-000000000001', 'Pinehurst Boys Trip 2025', '2025-04-10', '2025-04-13', 'PINE2025', 'mikejordan@email.com', 'active', 8, false, null, 'https://images.unsplash.com/photo-1587174486073-ae5e5cff23aa?w=1200') on conflict (id) do nothing;
insert into public.trips (id, organizer_id, name, start_date, end_date, invite_code, invite_email_address, status, member_limit, recap_unlocked, recap_product_id, cover_image_url) values ('4f4515a7-0310-5671-8e41-3201c05139bb', 'a1b2c3d4-0002-0002-0002-000000000002', 'Pebble Beach Bucket List', '2025-06-20', '2025-06-23', 'PBGL2025', 'tomwatson@email.com', 'active', 4, true, 'recap_pro_v1', 'https://images.unsplash.com/photo-1592919505780-303950717480?w=1200') on conflict (id) do nothing;
insert into public.trips (id, organizer_id, name, start_date, end_date, invite_code, invite_email_address, status, member_limit, recap_unlocked, recap_product_id, cover_image_url) values ('4f303bf4-e22e-5559-870f-25e00bb08ae3', 'a1b2c3d4-0003-0003-0003-000000000003', 'Myrtle Beach Scramble Weekend', '2025-08-15', '2025-08-17', 'MYRT25', null, 'planning', 12, false, null, 'https://images.unsplash.com/photo-1535131749006-b7f58c99034b?w=1200') on conflict (id) do nothing;

-- TeeTimes (tee_times)
insert into public.tee_times (id, trip_id, course_name, course_city, tee_date, tee_time, player_count, confirmation_number, source, import_raw, player_ids, notes, created_by) values ('941601c7-7cbc-595e-87c0-0542ad1cb3f2', '0039b7b6-fa06-5288-8ab8-bd612320d7f5', 'Pinehurst No. 2', 'Pinehurst, NC', '2025-04-11', '07:30:00', 4, 'PH-887423', 'manual', '{"booked_via":"Pinehurst Resort Online","cart_included":true}'::jsonb, null, 'Check in 30 minutes early. Soft spikes required.', 'a1b2c3d4-0001-0001-0001-000000000001') on conflict (id) do nothing;
insert into public.tee_times (id, trip_id, course_name, course_city, tee_date, tee_time, player_count, confirmation_number, source, import_raw, player_ids, notes, created_by) values ('496b827e-41bc-5408-839f-75d292c9a616', '0039b7b6-fa06-5288-8ab8-bd612320d7f5', 'Pinehurst No. 4', 'Pinehurst, NC', '2025-04-12', '08:00:00', 4, 'PH-887651', 'manual', '{"booked_via":"Pinehurst Resort Online","cart_included":true}'::jsonb, null, 'Stay on cart paths through hole 6 — course restoration in progress.', 'a1b2c3d4-0001-0001-0001-000000000001') on conflict (id) do nothing;
insert into public.tee_times (id, trip_id, course_name, course_city, tee_date, tee_time, player_count, confirmation_number, source, import_raw, player_ids, notes, created_by) values ('91eb553c-4ac2-528f-8885-d3e752b6987c', '4f4515a7-0310-5671-8e41-3201c05139bb', 'Pebble Beach Golf Links', 'Pebble Beach, CA', '2025-06-21', '09:10:00', 4, 'PB-20250621-009', 'manual', '{"booked_via":"Pebble Beach Resorts","caddie_included":true,"rate_per_player_usd":625}'::jsonb, null, 'Caddies pre-arranged. Gratuity not included — budget ~$100/bag.', 'a1b2c3d4-0002-0002-0002-000000000002') on conflict (id) do nothing;
insert into public.tee_times (id, trip_id, course_name, course_city, tee_date, tee_time, player_count, confirmation_number, source, import_raw, player_ids, notes, created_by) values ('1ea31929-c094-5696-89e0-0a5fcbdb8b40', '4f303bf4-e22e-5559-870f-25e00bb08ae3', 'TPC Myrtle Beach', 'Myrtle Beach, SC', '2025-08-16', '08:48:00', 8, 'TPCMB-5512', 'manual', '{"booked_via":"GolfNow","twilight":false}'::jsonb, null, 'Two foursomes — groups assigned in the chat.', 'a1b2c3d4-0003-0003-0003-000000000003') on conflict (id) do nothing;

-- Expenses (expenses)
insert into public.expenses (id, trip_id, category, description, amount_cents, currency, paid_by_member_id, split_type, split_member_ids, split_date, expense_date, is_settled, created_by) values ('7d6b8b6f-650d-5016-8856-990674df2fac', '0039b7b6-fa06-5288-8ab8-bd612320d7f5', 'accommodation', 'Pinehurst Resort — 3 nights, 4 guests (Room 212 & 214)', 189600, 'USD', 'a1b2c3d4-0001-0001-0001-000000000001', 'equal', null, null, '2025-04-10', false, 'a1b2c3d4-0001-0001-0001-000000000001') on conflict (id) do nothing;
insert into public.expenses (id, trip_id, category, description, amount_cents, currency, paid_by_member_id, split_type, split_member_ids, split_date, expense_date, is_settled, created_by) values ('edb33561-63e7-50bf-80b0-fa25542ce044', '0039b7b6-fa06-5288-8ab8-bd612320d7f5', 'food_drink', 'Tavern 212 dinner — first night group meal', 43800, 'USD', 'a1b2c3d4-0001-0001-0002-000000000002', 'equal', null, null, '2025-04-10', false, 'a1b2c3d4-0001-0001-0002-000000000002') on conflict (id) do nothing;
insert into public.expenses (id, trip_id, category, description, amount_cents, currency, paid_by_member_id, split_type, split_member_ids, split_date, expense_date, is_settled, created_by) values ('b9bb55a3-8c8e-5659-8d8f-2d41a8b75330', '4f4515a7-0310-5671-8e41-3201c05139bb', 'green_fees', 'Pebble Beach Golf Links — 4 rounds with caddies', 250000, 'USD', 'a1b2c3d4-0002-0002-0002-000000000002', 'equal', null, null, '2025-06-21', true, 'a1b2c3d4-0002-0002-0002-000000000002') on conflict (id) do nothing;
insert into public.expenses (id, trip_id, category, description, amount_cents, currency, paid_by_member_id, split_type, split_member_ids, split_date, expense_date, is_settled, created_by) values ('ebbf6c8d-081b-5485-84fc-f12d3e8e76df', '4f303bf4-e22e-5559-870f-25e00bb08ae3', 'transport', '15-passenger van rental — airport to resort and courses', 62500, 'USD', 'a1b2c3d4-0003-0003-0003-000000000003', 'equal', null, null, '2025-08-15', false, 'a1b2c3d4-0003-0003-0003-000000000003') on conflict (id) do nothing;

-- ExpenseSettlements (expense_settlements)
insert into public.expense_settlements (id, trip_id, from_member_id, to_member_id, amount_cents, currency, is_paid, venmo_deeplink, paypal_deeplink, paid_at) values ('f14098d8-13e6-5519-886b-92502a28eec4', '0039b7b6-fa06-5288-8ab8-bd612320d7f5', 'a1b2c3d4-0001-0001-0002-000000000002', 'a1b2c3d4-0001-0001-0001-000000000001', 47400, 'USD', false, 'venmo://paycharge?txn=pay&recipients=mike-jordan-golf&amount=474.00&note=Pinehurst+Resort+Stay', 'https://paypal.com/paypalme/mikejordangolf/474.00', null) on conflict (id) do nothing;
insert into public.expense_settlements (id, trip_id, from_member_id, to_member_id, amount_cents, currency, is_paid, venmo_deeplink, paypal_deeplink, paid_at) values ('0aa5095c-d50d-54b8-82b2-876bf17303ca', '4f4515a7-0310-5671-8e41-3201c05139bb', 'a1b2c3d4-0002-0002-0003-000000000003', 'a1b2c3d4-0002-0002-0002-000000000002', 62500, 'USD', true, 'venmo://paycharge?txn=pay&recipients=tom-watson-golf&amount=625.00&note=Pebble+Beach+Green+Fees', 'https://paypal.com/paypalme/tomwatsongolf/625.00', '2025-06-15T14:32:00Z') on conflict (id) do nothing;

-- Rounds (rounds)
insert into public.rounds (id, trip_id, tee_time_id, course_name, round_date, is_complete, created_by) values ('898a5779-a6f3-5764-87f3-85eda25d2402', '0039b7b6-fa06-5288-8ab8-bd612320d7f5', '941601c7-7cbc-595e-87c0-0542ad1cb3f2', 'Pinehurst No. 2', '2025-04-11', true, 'a1b2c3d4-0001-0001-0001-000000000001') on conflict (id) do nothing;
insert into public.rounds (id, trip_id, tee_time_id, course_name, round_date, is_complete, created_by) values ('61dd8541-f877-52ac-8b54-382e1f208d9f', '0039b7b6-fa06-5288-8ab8-bd612320d7f5', '496b827e-41bc-5408-839f-75d292c9a616', 'Pinehurst No. 4', '2025-04-12', false, 'a1b2c3d4-0001-0001-0001-000000000001') on conflict (id) do nothing;
insert into public.rounds (id, trip_id, tee_time_id, course_name, round_date, is_complete, created_by) values ('35e9f348-72ab-5c5b-83fc-0b5495d2afcd', '4f4515a7-0310-5671-8e41-3201c05139bb', '91eb553c-4ac2-528f-8885-d3e752b6987c', 'Pebble Beach Golf Links', '2025-06-21', false, 'a1b2c3d4-0002-0002-0002-000000000002') on conflict (id) do nothing;

-- Scores (scores)
insert into public.scores (id, round_id, trip_id, member_id, total_score, score_relative_to_par, hole_scores, is_verified, created_by) values ('8a53b7ee-2d2c-5475-8781-4e9a0e75aaeb', '898a5779-a6f3-5764-87f3-85eda25d2402', '0039b7b6-fa06-5288-8ab8-bd612320d7f5', 'a1b2c3d4-0001-0001-0001-000000000001', 82, 10, '[4,4,5,3,5,4,4,6,4,5,4,4,3,5,4,4,3,5]'::jsonb, true, 'a1b2c3d4-0001-0001-0001-000000000001') on conflict (id) do nothing;
insert into public.scores (id, round_id, trip_id, member_id, total_score, score_relative_to_par, hole_scores, is_verified, created_by) values ('2a1a8597-fba6-5af2-832e-4f1d9fe3fd52', '898a5779-a6f3-5764-87f3-85eda25d2402', '0039b7b6-fa06-5288-8ab8-bd612320d7f5', 'a1b2c3d4-0001-0001-0002-000000000002', 79, 7, '[4,3,5,3,4,4,4,5,4,4,4,4,3,5,4,4,3,5]'::jsonb, true, 'a1b2c3d4-0001-0001-0002-000000000002') on conflict (id) do nothing;
insert into public.scores (id, round_id, trip_id, member_id, total_score, score_relative_to_par, hole_scores, is_verified, created_by) values ('8c80ed47-4396-5098-8fed-6e22f0fcd15a', '35e9f348-72ab-5c5b-83fc-0b5495d2afcd', '4f4515a7-0310-5671-8e41-3201c05139bb', 'a1b2c3d4-0002-0002-0002-000000000002', null, null, null, false, 'a1b2c3d4-0002-0002-0002-000000000002') on conflict (id) do nothing;

-- Messages (messages)
insert into public.messages (id, trip_id, sender_member_id, guest_name, body, thread_date, is_announcement, is_deleted) values ('b93e72a2-f0a5-542f-86f9-8f82e3e7760d', '0039b7b6-fa06-5288-8ab8-bd612320d7f5', 'a1b2c3d4-0001-0001-0001-000000000001', null, 'Tee times are confirmed for both days. Check the schedule tab and make sure everyone arrives by 7:00 AM Friday — bag drop opens at 6:30.', '2025-03-22', true, false) on conflict (id) do nothing;
insert into public.messages (id, trip_id, sender_member_id, guest_name, body, thread_date, is_announcement, is_deleted) values ('0a5aeb67-12c7-5e70-88f4-42478256b72b', '0039b7b6-fa06-5288-8ab8-bd612320d7f5', 'a1b2c3d4-0001-0001-0002-000000000002', null, 'Anyone want to hit the range Thursday evening when we land? I saw there''s a short game area next to the resort pro shop.', '2025-03-25', false, false) on conflict (id) do nothing;
insert into public.messages (id, trip_id, sender_member_id, guest_name, body, thread_date, is_announcement, is_deleted) values ('bf2050cb-5ad0-5417-8efc-9a52de9005cd', '4f4515a7-0310-5671-8e41-3201c05139bb', 'a1b2c3d4-0002-0002-0002-000000000002', null, 'Green fees are fully settled — nice work guys. Reminder: caddie tip is not included. Budget around $100 per bag and bring cash.', '2025-06-16', true, false) on conflict (id) do nothing;
insert into public.messages (id, trip_id, sender_member_id, guest_name, body, thread_date, is_announcement, is_deleted) values ('05dd9266-eedd-5d95-8a8c-d2c59200168a', '4f303bf4-e22e-5559-870f-25e00bb08ae3', 'a1b2c3d4-0003-0003-0003-000000000003', null, 'Van is booked! Picking everyone up from MYR baggage claim at 2:00 PM Saturday. Drop your flight info in the chat so I can track arrivals.', '2025-07-10', false, false) on conflict (id) do nothing;

-- Announcements (announcements)
insert into public.announcements (id, trip_id, message_id, body, created_by, is_active) values ('ed0cf7f2-6b06-5a49-897d-aa51bcd09665', '0039b7b6-fa06-5288-8ab8-bd612320d7f5', 'b93e72a2-f0a5-542f-86f9-8f82e3e7760d', 'Tee times are confirmed for both days. Check the schedule tab and make sure everyone arrives by 7:00 AM Friday — bag drop opens at 6:30.', 'a1b2c3d4-0001-0001-0001-000000000001', true) on conflict (id) do nothing;
insert into public.announcements (id, trip_id, message_id, body, created_by, is_active) values ('0e5bbe3e-39df-5a6e-8729-bd41ec00c2e0', '4f4515a7-0310-5671-8e41-3201c05139bb', 'bf2050cb-5ad0-5417-8efc-9a52de9005cd', 'Green fees are fully settled — nice work guys. Reminder: caddie tip is not included. Budget around $100 per bag and bring cash.', 'a1b2c3d4-0002-0002-0002-000000000002', true) on conflict (id) do nothing;
