-- 003_seed.sql — starter content so the app launches non-empty.
-- Generated deterministically by DevAgent; idempotent (on conflict do nothing).

-- Trips (trips)
insert into public.trips (id, organizer_id, name, start_date, end_date, invite_code, invite_email_address, status, member_limit, recap_unlocked, recap_product_id, cover_image_url) values ('0039b7b6-fa06-5288-8ab8-bd612320d7f5', 'a1b2c3d4-0001-0001-0001-000000000001', 'Pebble Beach Boys Trip 2025', '2025-06-12', '2025-06-15', 'PBBEACH25', 'mike.thornton@gmail.com', 'upcoming', 8, false, null, 'https://images.unsplash.com/photo-1587174486073-ae5e5cff23aa?w=1200') on conflict (id) do nothing;
insert into public.trips (id, organizer_id, name, start_date, end_date, invite_code, invite_email_address, status, member_limit, recap_unlocked, recap_product_id, cover_image_url) values ('4f4515a7-0310-5671-8e41-3201c05139bb', 'a1b2c3d4-0002-0002-0002-000000000002', 'Scottsdale Desert Classic', '2025-03-07', '2025-03-10', 'SCTTSDL25', 'jake.morales@outlook.com', 'completed', 12, true, 'prod_recap_premium', 'https://images.unsplash.com/photo-1535131749006-b7f58c99034b?w=1200') on conflict (id) do nothing;
insert into public.trips (id, organizer_id, name, start_date, end_date, invite_code, invite_email_address, status, member_limit, recap_unlocked, recap_product_id, cover_image_url) values ('4f303bf4-e22e-5559-870f-25e00bb08ae3', 'a1b2c3d4-0003-0003-0003-000000000003', 'Myrtle Beach Invitational', '2025-09-19', '2025-09-22', 'MYRTL25', 'dan.fischer@gmail.com', 'planning', 16, false, null, 'https://images.unsplash.com/photo-1622396481328-9b1b78cdd9fd?w=1200') on conflict (id) do nothing;

-- TeeTimes (tee_times)
insert into public.tee_times (id, trip_id, course_name, course_city, tee_date, tee_time, player_count, confirmation_number, source, import_raw, player_ids, notes, created_by) values ('941601c7-7cbc-595e-87c0-0542ad1cb3f2', '0039b7b6-fa06-5288-8ab8-bd612320d7f5', 'Pebble Beach Golf Links', 'Pebble Beach, CA', '2025-06-13', '07:10:00', 4, 'PB-2025-88421', 'manual', '{"booked_via":"resort_concierge","green_fee_usd":595}'::jsonb, null, 'Meet at the starter shack 30 minutes early. Carts included.', 'a1b2c3d4-0001-0001-0001-000000000001') on conflict (id) do nothing;
insert into public.tee_times (id, trip_id, course_name, course_city, tee_date, tee_time, player_count, confirmation_number, source, import_raw, player_ids, notes, created_by) values ('496b827e-41bc-5408-839f-75d292c9a616', '0039b7b6-fa06-5288-8ab8-bd612320d7f5', 'Spyglass Hill Golf Course', 'Pebble Beach, CA', '2025-06-14', '08:30:00', 4, 'SPY-2025-44102', 'manual', '{"booked_via":"golf_now","green_fee_usd":385}'::jsonb, null, 'Soft spikes required. Range balls included.', 'a1b2c3d4-0001-0001-0001-000000000001') on conflict (id) do nothing;
insert into public.tee_times (id, trip_id, course_name, course_city, tee_date, tee_time, player_count, confirmation_number, source, import_raw, player_ids, notes, created_by) values ('91eb553c-4ac2-528f-8885-d3e752b6987c', '4f4515a7-0310-5671-8e41-3201c05139bb', 'TPC Scottsdale – Stadium Course', 'Scottsdale, AZ', '2025-03-08', '06:50:00', 8, 'TPCS-55983', 'golfnow_import', '{"platform":"GolfNow","booking_id":"GN-9928374","green_fee_usd":225}'::jsonb, null, 'Split into two foursomes. First group off at 6:50, second at 7:00.', 'a1b2c3d4-0002-0002-0002-000000000002') on conflict (id) do nothing;
insert into public.tee_times (id, trip_id, course_name, course_city, tee_date, tee_time, player_count, confirmation_number, source, import_raw, player_ids, notes, created_by) values ('1ea31929-c094-5696-89e0-0a5fcbdb8b40', '4f303bf4-e22e-5559-870f-25e00bb08ae3', 'Caledonia Golf & Fish Club', 'Pawleys Island, SC', '2025-09-20', '08:00:00', 8, null, 'manual', null, null, 'Pending deposit confirmation. Contact pro shop to finalize.', 'a1b2c3d4-0003-0003-0003-000000000003') on conflict (id) do nothing;

-- Expenses (expenses)
insert into public.expenses (id, trip_id, category, description, amount_cents, currency, paid_by_member_id, split_type, split_member_ids, split_date, expense_date, is_settled, created_by) values ('7d6b8b6f-650d-5016-8856-990674df2fac', '0039b7b6-fa06-5288-8ab8-bd612320d7f5', 'golf', 'Pebble Beach green fees – 4 players', 238000, 'USD', 'a1b2c3d4-0001-0001-0001-000000000001', 'equal', null, null, '2025-06-13', false, 'a1b2c3d4-0001-0001-0001-000000000001') on conflict (id) do nothing;
insert into public.expenses (id, trip_id, category, description, amount_cents, currency, paid_by_member_id, split_type, split_member_ids, split_date, expense_date, is_settled, created_by) values ('edb33561-63e7-50bf-80b0-fa25542ce044', '0039b7b6-fa06-5288-8ab8-bd612320d7f5', 'lodging', 'The Lodge at Pebble Beach – 3 nights (2 rooms)', 420000, 'USD', 'a1b2c3d4-0001-0001-0001-000000000001', 'equal', null, null, '2025-06-12', false, 'a1b2c3d4-0001-0001-0001-000000000001') on conflict (id) do nothing;
insert into public.expenses (id, trip_id, category, description, amount_cents, currency, paid_by_member_id, split_type, split_member_ids, split_date, expense_date, is_settled, created_by) values ('b9bb55a3-8c8e-5659-8d8f-2d41a8b75330', '4f4515a7-0310-5671-8e41-3201c05139bb', 'golf', 'TPC Scottsdale Stadium Course – 8 players', 180000, 'USD', 'a1b2c3d4-0002-0002-0002-000000000002', 'equal', null, null, '2025-03-08', true, 'a1b2c3d4-0002-0002-0002-000000000002') on conflict (id) do nothing;
insert into public.expenses (id, trip_id, category, description, amount_cents, currency, paid_by_member_id, split_type, split_member_ids, split_date, expense_date, is_settled, created_by) values ('ebbf6c8d-081b-5485-84fc-f12d3e8e76df', '4f4515a7-0310-5671-8e41-3201c05139bb', 'food_drink', 'Dinner at Mastro''s Steakhouse – 8 people', 96400, 'USD', 'a1b2c3d4-0002-0002-0002-000000000002', 'equal', null, null, '2025-03-08', true, 'a1b2c3d4-0002-0002-0002-000000000002') on conflict (id) do nothing;
insert into public.expenses (id, trip_id, category, description, amount_cents, currency, paid_by_member_id, split_type, split_member_ids, split_date, expense_date, is_settled, created_by) values ('82152425-a566-5aa2-8413-8b0e56c2028c', '4f303bf4-e22e-5559-870f-25e00bb08ae3', 'transport', '15-passenger van rental – 4 days', 62000, 'USD', 'a1b2c3d4-0003-0003-0003-000000000003', 'equal', null, null, '2025-09-19', false, 'a1b2c3d4-0003-0003-0003-000000000003') on conflict (id) do nothing;

-- ExpenseSettlements (expense_settlements)
insert into public.expense_settlements (id, trip_id, from_member_id, to_member_id, amount_cents, currency, is_paid, venmo_deeplink, paypal_deeplink, paid_at) values ('f14098d8-13e6-5519-886b-92502a28eec4', '4f4515a7-0310-5671-8e41-3201c05139bb', 'a1b2c3d4-0004-0004-0004-000000000004', 'a1b2c3d4-0002-0002-0002-000000000002', 34550, 'USD', true, 'venmo://paycharge?txn=pay&recipients=jake-morales&amount=345.50&note=Scottsdale+Trip+Settlement', null, '2025-03-15T18:42:00Z') on conflict (id) do nothing;
insert into public.expense_settlements (id, trip_id, from_member_id, to_member_id, amount_cents, currency, is_paid, venmo_deeplink, paypal_deeplink, paid_at) values ('0aa5095c-d50d-54b8-82b2-876bf17303ca', '4f4515a7-0310-5671-8e41-3201c05139bb', 'a1b2c3d4-0005-0005-0005-000000000005', 'a1b2c3d4-0002-0002-0002-000000000002', 34550, 'USD', true, 'venmo://paycharge?txn=pay&recipients=jake-morales&amount=345.50&note=Scottsdale+Trip+Settlement', null, '2025-03-16T09:15:00Z') on conflict (id) do nothing;
insert into public.expense_settlements (id, trip_id, from_member_id, to_member_id, amount_cents, currency, is_paid, venmo_deeplink, paypal_deeplink, paid_at) values ('73e53d2b-f6b1-53d0-8a6c-704e2df1b10e', '0039b7b6-fa06-5288-8ab8-bd612320d7f5', 'a1b2c3d4-0006-0006-0006-000000000006', 'a1b2c3d4-0001-0001-0001-000000000001', 164500, 'USD', false, 'venmo://paycharge?txn=pay&recipients=mike-thornton&amount=1645.00&note=Pebble+Beach+Trip', 'https://paypal.me/mikethornton/1645.00', null) on conflict (id) do nothing;

-- Rounds (rounds)
insert into public.rounds (id, trip_id, tee_time_id, course_name, round_date, is_complete, created_by) values ('898a5779-a6f3-5764-87f3-85eda25d2402', '0039b7b6-fa06-5288-8ab8-bd612320d7f5', '941601c7-7cbc-595e-87c0-0542ad1cb3f2', 'Pebble Beach Golf Links', '2025-06-13', false, 'a1b2c3d4-0001-0001-0001-000000000001') on conflict (id) do nothing;
insert into public.rounds (id, trip_id, tee_time_id, course_name, round_date, is_complete, created_by) values ('61dd8541-f877-52ac-8b54-382e1f208d9f', '4f4515a7-0310-5671-8e41-3201c05139bb', '91eb553c-4ac2-528f-8885-d3e752b6987c', 'TPC Scottsdale – Stadium Course', '2025-03-08', true, 'a1b2c3d4-0002-0002-0002-000000000002') on conflict (id) do nothing;
insert into public.rounds (id, trip_id, course_name, round_date, is_complete, created_by) values ('35e9f348-72ab-5c5b-83fc-0b5495d2afcd', '4f4515a7-0310-5671-8e41-3201c05139bb', 'Troon North – Monument Course', '2025-03-09', true, 'a1b2c3d4-0002-0002-0002-000000000002') on conflict (id) do nothing;

-- Scores (scores)
insert into public.scores (id, round_id, trip_id, member_id, total_score, score_relative_to_par, hole_scores, is_verified, created_by) values ('8a53b7ee-2d2c-5475-8781-4e9a0e75aaeb', '61dd8541-f877-52ac-8b54-382e1f208d9f', '4f4515a7-0310-5671-8e41-3201c05139bb', 'a1b2c3d4-0002-0002-0002-000000000002', 84, 12, '[4,5,4,6,4,5,4,3,5,5,4,4,5,4,5,6,3,8]'::jsonb, true, 'a1b2c3d4-0002-0002-0002-000000000002') on conflict (id) do nothing;
insert into public.scores (id, round_id, trip_id, member_id, total_score, score_relative_to_par, hole_scores, is_verified, created_by) values ('2a1a8597-fba6-5af2-832e-4f1d9fe3fd52', '61dd8541-f877-52ac-8b54-382e1f208d9f', '4f4515a7-0310-5671-8e41-3201c05139bb', 'a1b2c3d4-0004-0004-0004-000000000004', 79, 7, '[4,4,4,5,3,5,4,3,4,5,4,4,5,4,4,5,3,9]'::jsonb, true, 'a1b2c3d4-0004-0004-0004-000000000004') on conflict (id) do nothing;
insert into public.scores (id, round_id, trip_id, member_id, total_score, score_relative_to_par, hole_scores, is_verified, created_by) values ('8c80ed47-4396-5098-8fed-6e22f0fcd15a', '35e9f348-72ab-5c5b-83fc-0b5495d2afcd', '4f4515a7-0310-5671-8e41-3201c05139bb', 'a1b2c3d4-0002-0002-0002-000000000002', 86, 14, '[5,5,4,6,4,6,4,4,5,5,5,4,5,5,5,6,4,4]'::jsonb, true, 'a1b2c3d4-0002-0002-0002-000000000002') on conflict (id) do nothing;

-- Messages (messages)
insert into public.messages (id, trip_id, sender_member_id, guest_name, body, thread_date, is_announcement, is_deleted) values ('b93e72a2-f0a5-542f-86f9-8f82e3e7760d', '0039b7b6-fa06-5288-8ab8-bd612320d7f5', 'a1b2c3d4-0001-0001-0001-000000000001', null, 'Tee times are locked in for both days! 🎉 Pebble on Friday at 7:10am and Spyglass on Saturday at 8:30am. Make sure you''re at the starter shack 30 minutes early.', '2025-05-20', true, false) on conflict (id) do nothing;
insert into public.messages (id, trip_id, sender_member_id, guest_name, body, thread_date, is_announcement, is_deleted) values ('0a5aeb67-12c7-5e70-88f4-42478256b72b', '0039b7b6-fa06-5288-8ab8-bd612320d7f5', 'a1b2c3d4-0006-0006-0006-000000000006', null, 'Can''t wait! Should we rent clubs through the resort or bring our own? Checked bags are a pain on Southwest.', '2025-05-21', false, false) on conflict (id) do nothing;
insert into public.messages (id, trip_id, sender_member_id, guest_name, body, thread_date, is_announcement, is_deleted) values ('bf2050cb-5ad0-5417-8efc-9a52de9005cd', '4f4515a7-0310-5671-8e41-3201c05139bb', 'a1b2c3d4-0002-0002-0002-000000000002', null, 'Scottsdale recap: Jake wins the Stableford with 38 points. Dave owes a round of drinks. Final expense settlements have been sent — please Venmo me by March 20th. What a trip! 🏆', '2025-03-10', true, false) on conflict (id) do nothing;
insert into public.messages (id, trip_id, sender_member_id, guest_name, body, thread_date, is_announcement, is_deleted) values ('05dd9266-eedd-5d95-8a8c-d2c59200168a', '4f303bf4-e22e-5559-870f-25e00bb08ae3', 'a1b2c3d4-0003-0003-0003-000000000003', null, 'Myrtle is officially on the books for September 19–22! I''m looking at Caledonia, Pawleys Plantation, and True Blue. Vote for your top two in the poll I just posted.', '2025-04-10', false, false) on conflict (id) do nothing;

-- Announcements (announcements)
insert into public.announcements (id, trip_id, message_id, body, created_by, is_active) values ('ed0cf7f2-6b06-5a49-897d-aa51bcd09665', '0039b7b6-fa06-5288-8ab8-bd612320d7f5', 'b93e72a2-f0a5-542f-86f9-8f82e3e7760d', 'Tee times are locked in for both days! 🎉 Pebble on Friday at 7:10am and Spyglass on Saturday at 8:30am. Make sure you''re at the starter shack 30 minutes early.', 'a1b2c3d4-0001-0001-0001-000000000001', true) on conflict (id) do nothing;
insert into public.announcements (id, trip_id, message_id, body, created_by, is_active) values ('0e5bbe3e-39df-5a6e-8729-bd41ec00c2e0', '4f4515a7-0310-5671-8e41-3201c05139bb', 'bf2050cb-5ad0-5417-8efc-9a52de9005cd', 'Scottsdale recap: Jake wins the Stableford with 38 points. Dave owes a round of drinks. Final expense settlements have been sent — please Venmo by March 20th. What a trip! 🏆', 'a1b2c3d4-0002-0002-0002-000000000002', true) on conflict (id) do nothing;
