-- 003_seed.sql — starter content so the app launches non-empty.
-- Generated deterministically by DevAgent; idempotent (on conflict do nothing).

-- Trips (trips)
insert into public.trips (id, organizer_id, name, start_date, end_date, invite_code, invite_email_address, status, member_limit, recap_unlocked, recap_product_id, cover_image_url) values ('0039b7b6-fa06-5288-8ab8-bd612320d7f5', 'a1b2c3d4-0001-0001-0001-000000000001', 'Pebble Beach Boys Trip 2025', '2025-08-14', '2025-08-17', 'PEBB25', 'mikethompson@gmail.com', 'upcoming', 8, false, null, 'https://images.unsplash.com/photo-1535131749006-b7f58c99034b?w=1200') on conflict (id) do nothing;
insert into public.trips (id, organizer_id, name, start_date, end_date, invite_code, invite_email_address, status, member_limit, recap_unlocked, recap_product_id, cover_image_url) values ('4f4515a7-0310-5671-8e41-3201c05139bb', 'a1b2c3d4-0002-0002-0002-000000000002', 'Myrtle Beach Scramble Weekend', '2025-06-06', '2025-06-08', 'MYRT25', 'dancarroll@icloud.com', 'active', 12, true, 'prod_recap_premium', 'https://images.unsplash.com/photo-1593111774240-d529f12cf4bb?w=1200') on conflict (id) do nothing;
insert into public.trips (id, organizer_id, name, start_date, end_date, invite_code, invite_email_address, status, member_limit, recap_unlocked, recap_product_id, cover_image_url) values ('4f303bf4-e22e-5559-870f-25e00bb08ae3', 'a1b2c3d4-0003-0003-0003-000000000003', 'Pinehurst No. 2 Bucket List Trip', '2025-10-03', '2025-10-05', 'PINE25', 'jreed@hotmail.com', 'upcoming', 4, false, null, 'https://images.unsplash.com/photo-1587174486073-ae5e5cff23aa?w=1200') on conflict (id) do nothing;

-- TeeTimes (tee_times)
insert into public.tee_times (id, trip_id, course_name, course_city, tee_date, tee_time, player_count, confirmation_number, source, import_raw, player_ids, notes, created_by) values ('941601c7-7cbc-595e-87c0-0542ad1cb3f2', '0039b7b6-fa06-5288-8ab8-bd612320d7f5', 'Pebble Beach Golf Links', 'Pebble Beach, CA', '2025-08-15', '07:30:00', 4, 'PBL-88423', 'manual', '{"booked_via":"resort_direct","rate":"595.00"}'::jsonb, null, 'Starter requests soft spikes only. Meet at bag drop 30 min early.', 'a1b2c3d4-0001-0001-0001-000000000001') on conflict (id) do nothing;
insert into public.tee_times (id, trip_id, course_name, course_city, tee_date, tee_time, player_count, confirmation_number, source, import_raw, player_ids, notes, created_by) values ('496b827e-41bc-5408-839f-75d292c9a616', '0039b7b6-fa06-5288-8ab8-bd612320d7f5', 'Spyglass Hill Golf Course', 'Pebble Beach, CA', '2025-08-16', '09:00:00', 4, 'SPY-31190', 'manual', '{"booked_via":"resort_direct","rate":"385.00"}'::jsonb, null, 'Cart included. Bring extra balls — lots of trees on back nine.', 'a1b2c3d4-0001-0001-0001-000000000001') on conflict (id) do nothing;
insert into public.tee_times (id, trip_id, course_name, course_city, tee_date, tee_time, player_count, confirmation_number, source, import_raw, player_ids, notes, created_by) values ('91eb553c-4ac2-528f-8885-d3e752b6987c', '4f4515a7-0310-5671-8e41-3201c05139bb', 'TPC Myrtle Beach', 'Murrells Inlet, SC', '2025-06-07', '08:00:00', 8, 'TPC-MB-55671', 'golfnow', '{"platform":"GolfNow","deal":"hot_deal","savings":"40.00"}'::jsonb, null, 'Two foursomes going off in 10-minute intervals.', 'a1b2c3d4-0002-0002-0002-000000000002') on conflict (id) do nothing;
insert into public.tee_times (id, trip_id, course_name, course_city, tee_date, tee_time, player_count, confirmation_number, source, import_raw, player_ids, notes, created_by) values ('1ea31929-c094-5696-89e0-0a5fcbdb8b40', '4f303bf4-e22e-5559-870f-25e00bb08ae3', 'Pinehurst Resort — No. 2', 'Pinehurst, NC', '2025-10-04', '10:30:00', 4, 'PH2-20045', 'manual', '{"booked_via":"resort_direct","caddie_required":true}'::jsonb, null, 'Caddies are mandatory. Tip in cash — suggested $100 per bag.', 'a1b2c3d4-0003-0003-0003-000000000003') on conflict (id) do nothing;

-- Expenses (expenses)
insert into public.expenses (id, trip_id, category, description, amount_cents, currency, paid_by_member_id, split_type, split_member_ids, split_date, expense_date, is_settled, created_by) values ('7d6b8b6f-650d-5016-8856-990674df2fac', '0039b7b6-fa06-5288-8ab8-bd612320d7f5', 'green_fees', 'Pebble Beach Golf Links — 4 rounds', 238000, 'USD', 'a1b2c3d4-0001-0001-0001-000000000001', 'equal', null, null, '2025-08-15', false, 'a1b2c3d4-0001-0001-0001-000000000001') on conflict (id) do nothing;
insert into public.expenses (id, trip_id, category, description, amount_cents, currency, paid_by_member_id, split_type, split_member_ids, split_date, expense_date, is_settled, created_by) values ('edb33561-63e7-50bf-80b0-fa25542ce044', '0039b7b6-fa06-5288-8ab8-bd612320d7f5', 'lodging', 'The Lodge at Pebble Beach — 3 nights (2 rooms)', 420000, 'USD', 'a1b2c3d4-0001-0001-0001-000000000001', 'equal', null, null, '2025-08-14', false, 'a1b2c3d4-0001-0001-0001-000000000001') on conflict (id) do nothing;
insert into public.expenses (id, trip_id, category, description, amount_cents, currency, paid_by_member_id, split_type, split_member_ids, split_date, expense_date, is_settled, created_by) values ('b9bb55a3-8c8e-5659-8d8f-2d41a8b75330', '4f4515a7-0310-5671-8e41-3201c05139bb', 'green_fees', 'TPC Myrtle Beach — 8 players via GolfNow', 160000, 'USD', 'a1b2c3d4-0002-0002-0002-000000000002', 'equal', null, null, '2025-06-07', true, 'a1b2c3d4-0002-0002-0002-000000000002') on conflict (id) do nothing;
insert into public.expenses (id, trip_id, category, description, amount_cents, currency, paid_by_member_id, split_type, split_member_ids, split_date, expense_date, is_settled, created_by) values ('ebbf6c8d-081b-5485-84fc-f12d3e8e76df', '4f4515a7-0310-5671-8e41-3201c05139bb', 'food_drink', 'Post-round dinner at Greg Norman''s Australian Grille', 68400, 'USD', 'a1b2c3d4-0002-0002-0002-000000000002', 'equal', null, null, '2025-06-07', false, 'a1b2c3d4-0002-0002-0002-000000000002') on conflict (id) do nothing;
insert into public.expenses (id, trip_id, category, description, amount_cents, currency, paid_by_member_id, split_type, split_member_ids, split_date, expense_date, is_settled, created_by) values ('82152425-a566-5aa2-8413-8b0e56c2028c', '4f303bf4-e22e-5559-870f-25e00bb08ae3', 'green_fees', 'Pinehurst No. 2 — 4 rounds with mandatory caddies', 196000, 'USD', 'a1b2c3d4-0003-0003-0003-000000000003', 'equal', null, null, '2025-10-04', false, 'a1b2c3d4-0003-0003-0003-000000000003') on conflict (id) do nothing;

-- ExpenseSettlements (expense_settlements)
insert into public.expense_settlements (id, trip_id, from_member_id, to_member_id, amount_cents, currency, is_paid, venmo_deeplink, paypal_deeplink, paid_at) values ('f14098d8-13e6-5519-886b-92502a28eec4', '4f4515a7-0310-5671-8e41-3201c05139bb', 'a1b2c3d4-0004-0004-0004-000000000004', 'a1b2c3d4-0002-0002-0002-000000000002', 20000, 'USD', true, 'venmo://paycharge?txn=pay&recipients=dancarroll&amount=200.00&note=Myrtle+Beach+Trip+2025', null, '2025-06-08T21:14:00Z') on conflict (id) do nothing;
insert into public.expense_settlements (id, trip_id, from_member_id, to_member_id, amount_cents, currency, is_paid, venmo_deeplink, paypal_deeplink, paid_at) values ('0aa5095c-d50d-54b8-82b2-876bf17303ca', '4f4515a7-0310-5671-8e41-3201c05139bb', 'a1b2c3d4-0005-0005-0005-000000000005', 'a1b2c3d4-0002-0002-0002-000000000002', 20000, 'USD', false, 'venmo://paycharge?txn=pay&recipients=dancarroll&amount=200.00&note=Myrtle+Beach+Trip+2025', 'https://paypal.me/dancarroll/200', null) on conflict (id) do nothing;

-- Rounds (rounds)
insert into public.rounds (id, trip_id, tee_time_id, course_name, round_date, is_complete, created_by) values ('898a5779-a6f3-5764-87f3-85eda25d2402', '0039b7b6-fa06-5288-8ab8-bd612320d7f5', '941601c7-7cbc-595e-87c0-0542ad1cb3f2', 'Pebble Beach Golf Links', '2025-08-15', false, 'a1b2c3d4-0001-0001-0001-000000000001') on conflict (id) do nothing;
insert into public.rounds (id, trip_id, tee_time_id, course_name, round_date, is_complete, created_by) values ('61dd8541-f877-52ac-8b54-382e1f208d9f', '4f4515a7-0310-5671-8e41-3201c05139bb', '91eb553c-4ac2-528f-8885-d3e752b6987c', 'TPC Myrtle Beach', '2025-06-07', true, 'a1b2c3d4-0002-0002-0002-000000000002') on conflict (id) do nothing;
insert into public.rounds (id, trip_id, tee_time_id, course_name, round_date, is_complete, created_by) values ('35e9f348-72ab-5c5b-83fc-0b5495d2afcd', '4f303bf4-e22e-5559-870f-25e00bb08ae3', '1ea31929-c094-5696-89e0-0a5fcbdb8b40', 'Pinehurst Resort — No. 2', '2025-10-04', false, 'a1b2c3d4-0003-0003-0003-000000000003') on conflict (id) do nothing;

-- Scores (scores)
insert into public.scores (id, round_id, trip_id, member_id, total_score, score_relative_to_par, hole_scores, is_verified, created_by) values ('8a53b7ee-2d2c-5475-8781-4e9a0e75aaeb', '61dd8541-f877-52ac-8b54-382e1f208d9f', '4f4515a7-0310-5671-8e41-3201c05139bb', 'a1b2c3d4-0002-0002-0002-000000000002', 82, 10, '[4,5,4,3,5,4,4,6,4,5,4,3,5,4,4,5,3,5]'::jsonb, true, 'a1b2c3d4-0002-0002-0002-000000000002') on conflict (id) do nothing;
insert into public.scores (id, round_id, trip_id, member_id, total_score, score_relative_to_par, hole_scores, is_verified, created_by) values ('2a1a8597-fba6-5af2-832e-4f1d9fe3fd52', '61dd8541-f877-52ac-8b54-382e1f208d9f', '4f4515a7-0310-5671-8e41-3201c05139bb', 'a1b2c3d4-0004-0004-0004-000000000004', 79, 7, '[4,4,4,3,5,4,3,5,4,5,4,3,5,4,4,4,3,5]'::jsonb, true, 'a1b2c3d4-0004-0004-0004-000000000004') on conflict (id) do nothing;

-- Messages (messages)
insert into public.messages (id, trip_id, sender_member_id, guest_name, body, thread_date, is_announcement, is_deleted) values ('b93e72a2-f0a5-542f-86f9-8f82e3e7760d', '0039b7b6-fa06-5288-8ab8-bd612320d7f5', 'a1b2c3d4-0001-0001-0001-000000000001', null, 'Tee times are confirmed at Pebble and Spyglass! Check the schedule and make sure your travel is booked. Flight into Monterey (MRY) is closest — book early, it fills up fast.', '2025-07-10', true, false) on conflict (id) do nothing;
insert into public.messages (id, trip_id, sender_member_id, guest_name, body, thread_date, is_announcement, is_deleted) values ('0a5aeb67-12c7-5e70-88f4-42478256b72b', '0039b7b6-fa06-5288-8ab8-bd612320d7f5', 'a1b2c3d4-0006-0006-0006-000000000006', null, 'Just booked my flight — arriving Thursday around 4pm. Anyone want to grab dinner at Roy''s that night?', '2025-07-11', false, false) on conflict (id) do nothing;
insert into public.messages (id, trip_id, sender_member_id, guest_name, body, thread_date, is_announcement, is_deleted) values ('bf2050cb-5ad0-5417-8efc-9a52de9005cd', '4f4515a7-0310-5671-8e41-3201c05139bb', 'a1b2c3d4-0002-0002-0002-000000000002', null, 'What a round at TPC today — incredible conditions. Final leaderboard posted in the Scores tab. Dan takes the trophy with a 79. Drinks on him tonight! 🏆', '2025-06-07', false, false) on conflict (id) do nothing;
insert into public.messages (id, trip_id, sender_member_id, guest_name, body, thread_date, is_announcement, is_deleted) values ('05dd9266-eedd-5d95-8a8c-d2c59200168a', '4f303bf4-e22e-5559-870f-25e00bb08ae3', 'a1b2c3d4-0003-0003-0003-000000000003', null, 'Reminder: caddies are mandatory at No. 2 and tip in cash. Recommended $100 per bag. ATM is in the clubhouse. Bring a small wad — it''s worth every dollar.', '2025-09-20', true, false) on conflict (id) do nothing;

-- Announcements (announcements)
insert into public.announcements (id, trip_id, message_id, body, created_by, is_active) values ('ed0cf7f2-6b06-5a49-897d-aa51bcd09665', '0039b7b6-fa06-5288-8ab8-bd612320d7f5', 'b93e72a2-f0a5-542f-86f9-8f82e3e7760d', 'Tee times are confirmed at Pebble and Spyglass! Check the schedule and make sure your travel is booked. Flight into Monterey (MRY) is closest — book early, it fills up fast.', 'a1b2c3d4-0001-0001-0001-000000000001', true) on conflict (id) do nothing;
insert into public.announcements (id, trip_id, message_id, body, created_by, is_active) values ('0e5bbe3e-39df-5a6e-8729-bd41ec00c2e0', '4f303bf4-e22e-5559-870f-25e00bb08ae3', '05dd9266-eedd-5d95-8a8c-d2c59200168a', 'Reminder: caddies are mandatory at No. 2 and tip in cash. Recommended $100 per bag. ATM is in the clubhouse. Bring a small wad — it''s worth every dollar.', 'a1b2c3d4-0003-0003-0003-000000000003', true) on conflict (id) do nothing;
