-- 003_seed.sql — starter content so the app launches non-empty.
-- Generated deterministically by DevAgent; idempotent (on conflict do nothing).

-- Trips (trips)
insert into public.trips (id, organizer_id, name, start_date, end_date, invite_code, invite_email_address, status, member_limit, recap_unlocked, recap_product_id, cover_image_url) values ('0039b7b6-fa06-5288-8ab8-bd612320d7f5', 'a1b2c3d4-0001-0001-0001-000000000001', 'Pebble Beach Boys Trip 2025', '2025-06-12', '2025-06-15', 'PEBBLE25', 'mikejordan@email.com', 'confirmed', 8, true, 'recap_pro_v1', 'https://images.unsplash.com/photo-1600585154340-be6161a56a0c?w=1200') on conflict (id) do nothing;
insert into public.trips (id, organizer_id, name, start_date, end_date, invite_code, invite_email_address, status, member_limit, recap_unlocked, recap_product_id, cover_image_url) values ('4f4515a7-0310-5671-8e41-3201c05139bb', 'a1b2c3d4-0002-0002-0002-000000000002', 'Scottsdale Scramble 2025', '2025-03-07', '2025-03-09', 'SCOT25', null, 'completed', 12, true, 'recap_pro_v1', 'https://images.unsplash.com/photo-1591491653056-4e9b083bcab8?w=1200') on conflict (id) do nothing;
insert into public.trips (id, organizer_id, name, start_date, end_date, invite_code, invite_email_address, status, member_limit, recap_unlocked, recap_product_id, cover_image_url) values ('4f303bf4-e22e-5559-870f-25e00bb08ae3', 'a1b2c3d4-0003-0003-0003-000000000003', 'Bandon Dunes Bucket List Trip', '2025-09-18', '2025-09-22', 'BANDON25', 'trevorsullivan@email.com', 'planning', 8, false, null, 'https://images.unsplash.com/photo-1535131749006-b7f58c99034b?w=1200') on conflict (id) do nothing;

-- TeeTimes (tee_times)
insert into public.tee_times (id, trip_id, course_name, course_city, tee_date, tee_time, player_count, confirmation_number, source, import_raw, player_ids, notes, created_by) values ('941601c7-7cbc-595e-87c0-0542ad1cb3f2', '0039b7b6-fa06-5288-8ab8-bd612320d7f5', 'Pebble Beach Golf Links', 'Pebble Beach, CA', '2025-06-12', '07:30:00', 4, 'PB-887321', 'manual', '{"booking_site":"pebblebeach.com","rate":"595"}'::jsonb, null, 'Starter will hold for all 4 players. Meet at bag drop by 7:00 AM.', 'a1b2c3d4-0001-0001-0001-000000000001') on conflict (id) do nothing;
insert into public.tee_times (id, trip_id, course_name, course_city, tee_date, tee_time, player_count, confirmation_number, source, import_raw, player_ids, notes, created_by) values ('496b827e-41bc-5408-839f-75d292c9a616', '0039b7b6-fa06-5288-8ab8-bd612320d7f5', 'Spyglass Hill Golf Course', 'Pebble Beach, CA', '2025-06-14', '09:00:00', 4, 'SPY-443102', 'manual', '{"booking_site":"pebblebeach.com","rate":"385"}'::jsonb, null, 'Cart included. Soft spikes required.', 'a1b2c3d4-0001-0001-0001-000000000001') on conflict (id) do nothing;
insert into public.tee_times (id, trip_id, course_name, course_city, tee_date, tee_time, player_count, confirmation_number, source, import_raw, player_ids, notes, created_by) values ('91eb553c-4ac2-528f-8885-d3e752b6987c', '4f4515a7-0310-5671-8e41-3201c05139bb', 'TPC Scottsdale — Stadium Course', 'Scottsdale, AZ', '2025-03-07', '08:00:00', 8, 'TPC-209844', 'golfnow', '{"booking_site":"golfnow.com","deal":"hot_deal","savings":"40"}'::jsonb, null, 'Two foursomes, split into groups 1-4 and 5-8 on the tee sheet.', 'a1b2c3d4-0002-0002-0002-000000000002') on conflict (id) do nothing;
insert into public.tee_times (id, trip_id, course_name, course_city, tee_date, tee_time, player_count, confirmation_number, source, import_raw, player_ids, notes, created_by) values ('1ea31929-c094-5696-89e0-0a5fcbdb8b40', '4f303bf4-e22e-5559-870f-25e00bb08ae3', 'Bandon Dunes Golf Course', 'Bandon, OR', '2025-09-18', '10:00:00', 4, null, 'manual', null, null, 'Walking only — caddies requested. Confirm caddie assignment 30 days prior.', 'a1b2c3d4-0003-0003-0003-000000000003') on conflict (id) do nothing;

-- Expenses (expenses)
insert into public.expenses (id, trip_id, category, description, amount_cents, currency, paid_by_member_id, split_type, split_member_ids, split_date, expense_date, is_settled, created_by) values ('7d6b8b6f-650d-5016-8856-990674df2fac', '0039b7b6-fa06-5288-8ab8-bd612320d7f5', 'golf', 'Pebble Beach Golf Links — 4 green fees', 238000, 'USD', 'a1b2c3d4-0001-0001-0001-000000000001', 'equal', null, null, '2025-06-12', false, 'a1b2c3d4-0001-0001-0001-000000000001') on conflict (id) do nothing;
insert into public.expenses (id, trip_id, category, description, amount_cents, currency, paid_by_member_id, split_type, split_member_ids, split_date, expense_date, is_settled, created_by) values ('edb33561-63e7-50bf-80b0-fa25542ce044', '0039b7b6-fa06-5288-8ab8-bd612320d7f5', 'lodging', 'The Lodge at Pebble Beach — 3 nights (2 rooms)', 420000, 'USD', 'a1b2c3d4-0001-0001-0001-000000000001', 'equal', null, null, '2025-06-12', false, 'a1b2c3d4-0001-0001-0001-000000000001') on conflict (id) do nothing;
insert into public.expenses (id, trip_id, category, description, amount_cents, currency, paid_by_member_id, split_type, split_member_ids, split_date, expense_date, is_settled, created_by) values ('b9bb55a3-8c8e-5659-8d8f-2d41a8b75330', '4f4515a7-0310-5671-8e41-3201c05139bb', 'food_drink', 'Post-round dinner at Mastro''s City Hall Steakhouse', 84000, 'USD', 'a1b2c3d4-0002-0002-0002-000000000002', 'equal', null, null, '2025-03-07', true, 'a1b2c3d4-0002-0002-0002-000000000002') on conflict (id) do nothing;
insert into public.expenses (id, trip_id, category, description, amount_cents, currency, paid_by_member_id, split_type, split_member_ids, split_date, expense_date, is_settled, created_by) values ('ebbf6c8d-081b-5485-84fc-f12d3e8e76df', '4f303bf4-e22e-5559-870f-25e00bb08ae3', 'golf', 'Bandon Dunes caddie fees — 4 caddies x 2 rounds', 96000, 'USD', 'a1b2c3d4-0003-0003-0003-000000000003', 'equal', null, null, '2025-09-18', false, 'a1b2c3d4-0003-0003-0003-000000000003') on conflict (id) do nothing;

-- ExpenseSettlements (expense_settlements)
insert into public.expense_settlements (id, trip_id, from_member_id, to_member_id, amount_cents, currency, is_paid, venmo_deeplink, paypal_deeplink, paid_at) values ('f14098d8-13e6-5519-886b-92502a28eec4', '0039b7b6-fa06-5288-8ab8-bd612320d7f5', 'a1b2c3d4-0004-0004-0004-000000000004', 'a1b2c3d4-0001-0001-0001-000000000001', 164500, 'USD', false, 'venmo://paycharge?txn=pay&recipients=mike-jordan-golf&amount=1645.00&note=Pebble+Beach+Trip+2025', 'https://paypal.com/paypalme/mikejordangolf/1645.00', null) on conflict (id) do nothing;
insert into public.expense_settlements (id, trip_id, from_member_id, to_member_id, amount_cents, currency, is_paid, venmo_deeplink, paypal_deeplink, paid_at) values ('0aa5095c-d50d-54b8-82b2-876bf17303ca', '4f4515a7-0310-5671-8e41-3201c05139bb', 'a1b2c3d4-0005-0005-0005-000000000005', 'a1b2c3d4-0002-0002-0002-000000000002', 10500, 'USD', true, 'venmo://paycharge?txn=pay&recipients=derek-scottsdale&amount=105.00&note=Scottsdale+Scramble+Dinner', 'https://paypal.com/paypalme/derekgolf/105.00', '2025-03-10T18:32:00Z') on conflict (id) do nothing;

-- Rounds (rounds)
insert into public.rounds (id, trip_id, tee_time_id, course_name, round_date, is_complete, created_by) values ('898a5779-a6f3-5764-87f3-85eda25d2402', '0039b7b6-fa06-5288-8ab8-bd612320d7f5', '941601c7-7cbc-595e-87c0-0542ad1cb3f2', 'Pebble Beach Golf Links', '2025-06-12', true, 'a1b2c3d4-0001-0001-0001-000000000001') on conflict (id) do nothing;
insert into public.rounds (id, trip_id, tee_time_id, course_name, round_date, is_complete, created_by) values ('61dd8541-f877-52ac-8b54-382e1f208d9f', '0039b7b6-fa06-5288-8ab8-bd612320d7f5', '496b827e-41bc-5408-839f-75d292c9a616', 'Spyglass Hill Golf Course', '2025-06-14', false, 'a1b2c3d4-0001-0001-0001-000000000001') on conflict (id) do nothing;
insert into public.rounds (id, trip_id, tee_time_id, course_name, round_date, is_complete, created_by) values ('35e9f348-72ab-5c5b-83fc-0b5495d2afcd', '4f4515a7-0310-5671-8e41-3201c05139bb', '91eb553c-4ac2-528f-8885-d3e752b6987c', 'TPC Scottsdale — Stadium Course', '2025-03-07', true, 'a1b2c3d4-0002-0002-0002-000000000002') on conflict (id) do nothing;

-- Scores (scores)
insert into public.scores (id, round_id, trip_id, member_id, total_score, score_relative_to_par, hole_scores, is_verified, created_by) values ('8a53b7ee-2d2c-5475-8781-4e9a0e75aaeb', '898a5779-a6f3-5764-87f3-85eda25d2402', '0039b7b6-fa06-5288-8ab8-bd612320d7f5', 'a1b2c3d4-0001-0001-0001-000000000001', 89, 17, '{"holes":[5,4,6,4,5,4,5,3,6,5,4,5,4,4,5,3,5,4]}'::jsonb, true, 'a1b2c3d4-0001-0001-0001-000000000001') on conflict (id) do nothing;
insert into public.scores (id, round_id, trip_id, member_id, total_score, score_relative_to_par, hole_scores, is_verified, created_by) values ('2a1a8597-fba6-5af2-832e-4f1d9fe3fd52', '898a5779-a6f3-5764-87f3-85eda25d2402', '0039b7b6-fa06-5288-8ab8-bd612320d7f5', 'a1b2c3d4-0004-0004-0004-000000000004', 82, 10, '{"holes":[4,4,5,3,5,4,4,3,5,4,4,5,4,3,5,3,5,4]}'::jsonb, true, 'a1b2c3d4-0004-0004-0004-000000000004') on conflict (id) do nothing;
insert into public.scores (id, round_id, trip_id, member_id, total_score, score_relative_to_par, hole_scores, is_verified, created_by) values ('8c80ed47-4396-5098-8fed-6e22f0fcd15a', '35e9f348-72ab-5c5b-83fc-0b5495d2afcd', '4f4515a7-0310-5671-8e41-3201c05139bb', 'a1b2c3d4-0002-0002-0002-000000000002', 78, 6, '{"holes":[4,3,4,4,4,4,4,3,5,4,4,4,4,3,5,3,5,4]}'::jsonb, true, 'a1b2c3d4-0002-0002-0002-000000000002') on conflict (id) do nothing;

-- Messages (messages)
insert into public.messages (id, trip_id, sender_member_id, guest_name, body, thread_date, is_announcement, is_deleted) values ('b93e72a2-f0a5-542f-86f9-8f82e3e7760d', '0039b7b6-fa06-5288-8ab8-bd612320d7f5', 'a1b2c3d4-0001-0001-0001-000000000001', null, 'Just locked in tee times for Pebble and Spyglass — you''re going to want to pack rain gear just in case. Weather looks mostly clear but coastal fog is always possible. Bag drop opens at 6:30 AM on Thursday.', '2025-05-20', false, false) on conflict (id) do nothing;
insert into public.messages (id, trip_id, sender_member_id, guest_name, body, thread_date, is_announcement, is_deleted) values ('0a5aeb67-12c7-5e70-88f4-42478256b72b', '0039b7b6-fa06-5288-8ab8-bd612320d7f5', 'a1b2c3d4-0001-0001-0001-000000000001', null, '🏌️ REMINDER: Balances are due by June 1st. Check the Expenses tab — each of you owes $1,645. Venmo links are ready to go. Let''s get settled up before we tee off!', '2025-05-28', true, false) on conflict (id) do nothing;
insert into public.messages (id, trip_id, sender_member_id, guest_name, body, thread_date, is_announcement, is_deleted) values ('bf2050cb-5ad0-5417-8efc-9a52de9005cd', '4f4515a7-0310-5671-8e41-3201c05139bb', 'a1b2c3d4-0002-0002-0002-000000000002', null, 'That back nine at TPC was something else. Ryan nearly holed out on 16 — absolute chaos. Final scores are posted in the Rounds tab. Same crew next year?', '2025-03-09', false, false) on conflict (id) do nothing;
insert into public.messages (id, trip_id, sender_member_id, guest_name, body, thread_date, is_announcement, is_deleted) values ('05dd9266-eedd-5d95-8a8c-d2c59200168a', '4f303bf4-e22e-5559-870f-25e00bb08ae3', 'a1b2c3d4-0003-0003-0003-000000000003', null, 'Bandon confirmed for September! We have walking-only tee times on Thursday and Friday. I''m requesting caddies for all four of us — highly recommend it for the links-style terrain. Start thinking about which courses you want on Saturday and Sunday.', '2025-02-14', false, false) on conflict (id) do nothing;

-- Announcements (announcements)
insert into public.announcements (id, trip_id, message_id, body, created_by, is_active) values ('ed0cf7f2-6b06-5a49-897d-aa51bcd09665', '0039b7b6-fa06-5288-8ab8-bd612320d7f5', '0a5aeb67-12c7-5e70-88f4-42478256b72b', '🏌️ REMINDER: Balances are due by June 1st. Check the Expenses tab — each of you owes $1,645. Venmo links are ready to go. Let''s get settled up before we tee off!', 'a1b2c3d4-0001-0001-0001-000000000001', true) on conflict (id) do nothing;
insert into public.announcements (id, trip_id, body, created_by, is_active) values ('0e5bbe3e-39df-5a6e-8729-bd41ec00c2e0', '4f303bf4-e22e-5559-870f-25e00bb08ae3', '📋 Bandon Dunes Trip is in planning mode — please confirm your attendance by August 1st so we can finalize tee times and lodging. Caddie deposit ($200/person) will be collected via the Expenses tab once headcount is locked.', 'a1b2c3d4-0003-0003-0003-000000000003', true) on conflict (id) do nothing;
