-- 003_seed.sql — starter content so the app launches non-empty.
-- Generated deterministically by DevAgent; idempotent (on conflict do nothing).

-- Trips (trips)
insert into public.trips (id, organizer_id, name, start_date, end_date, invite_code, invite_email_address, status, member_limit, recap_unlocked, recap_product_id, cover_image_url) values ('0039b7b6-fa06-5288-8ab8-bd612320d7f5', 'a1b2c3d4-0001-0001-0001-000000000001', 'Pinehurst Boys Trip 2025', '2025-05-15', '2025-05-18', 'PINE2025', 'mikethompson@gmail.com', 'confirmed', 8, true, 'recap_pro_v1', 'https://images.unsplash.com/photo-1587174486073-ae5e5cff23aa?w=1200') on conflict (id) do nothing;
insert into public.trips (id, organizer_id, name, start_date, end_date, invite_code, invite_email_address, status, member_limit, recap_unlocked, recap_product_id, cover_image_url) values ('4f4515a7-0310-5671-8e41-3201c05139bb', 'a1b2c3d4-0002-0002-0002-000000000002', 'Pebble Beach Bucket List', '2025-08-20', '2025-08-23', 'PBGL2025', 'jared.collins@outlook.com', 'planning', 4, false, null, 'https://images.unsplash.com/photo-1535131749006-b7f58c99034b?w=1200') on conflict (id) do nothing;
insert into public.trips (id, organizer_id, name, start_date, end_date, invite_code, invite_email_address, status, member_limit, recap_unlocked, recap_product_id, cover_image_url) values ('4f303bf4-e22e-5559-870f-25e00bb08ae3', 'a1b2c3d4-0003-0003-0003-000000000003', 'Myrtle Beach Annual Classic', '2025-10-03', '2025-10-06', 'MYRTL25', 'dave.nguyen@yahoo.com', 'planning', 12, false, null, 'https://images.unsplash.com/photo-1592919505780-303950717480?w=1200') on conflict (id) do nothing;

-- TeeTimes (tee_times)
insert into public.tee_times (id, trip_id, course_name, course_city, tee_date, tee_time, player_count, confirmation_number, source, import_raw, player_ids, notes, created_by) values ('941601c7-7cbc-595e-87c0-0542ad1cb3f2', '0039b7b6-fa06-5288-8ab8-bd612320d7f5', 'Pinehurst No. 2', 'Pinehurst, NC', '2025-05-16', '08:00:00', 8, 'PH2-88421', 'manual', '{"booking_site":"pinehurst.com","rate":"greens_fee_cart"}'::jsonb, null, 'Check in 30 minutes early. Cart path only on No. 2 — bring extra balls.', 'a1b2c3d4-0001-0001-0001-000000000001') on conflict (id) do nothing;
insert into public.tee_times (id, trip_id, course_name, course_city, tee_date, tee_time, player_count, confirmation_number, source, import_raw, player_ids, notes, created_by) values ('496b827e-41bc-5408-839f-75d292c9a616', '0039b7b6-fa06-5288-8ab8-bd612320d7f5', 'Pinehurst No. 4', 'Pinehurst, NC', '2025-05-17', '10:30:00', 8, 'PH4-33097', 'manual', '{"booking_site":"pinehurst.com","rate":"resort_guest"}'::jsonb, null, 'Shotgun format — all 8 players split across two carts.', 'a1b2c3d4-0001-0001-0001-000000000001') on conflict (id) do nothing;
insert into public.tee_times (id, trip_id, course_name, course_city, tee_date, tee_time, player_count, confirmation_number, source, import_raw, player_ids, notes, created_by) values ('91eb553c-4ac2-528f-8885-d3e752b6987c', '4f4515a7-0310-5671-8e41-3201c05139bb', 'Pebble Beach Golf Links', 'Pebble Beach, CA', '2025-08-21', '07:30:00', 4, 'PBL-200471', 'manual', '{"booking_site":"pebblebeach.com","caddie_required":true}'::jsonb, null, 'Caddies confirmed. Wear soft spikes only. Weather may affect morning pace.', 'a1b2c3d4-0002-0002-0002-000000000002') on conflict (id) do nothing;
insert into public.tee_times (id, trip_id, course_name, course_city, tee_date, tee_time, player_count, confirmation_number, source, import_raw, player_ids, notes, created_by) values ('1ea31929-c094-5696-89e0-0a5fcbdb8b40', '4f303bf4-e22e-5559-870f-25e00bb08ae3', 'TPC Myrtle Beach', 'Murrells Inlet, SC', '2025-10-04', '09:00:00', 12, 'TPCMB-77312', 'manual', '{"booking_site":"tpcmyrtlebeach.com","group_rate":true}'::jsonb, null, 'Group rate applied — $95/player including cart. Payment due at check-in.', 'a1b2c3d4-0003-0003-0003-000000000003') on conflict (id) do nothing;

-- Expenses (expenses)
insert into public.expenses (id, trip_id, category, description, amount_cents, currency, paid_by_member_id, split_type, split_member_ids, split_date, expense_date, is_settled, created_by) values ('7d6b8b6f-650d-5016-8856-990674df2fac', '0039b7b6-fa06-5288-8ab8-bd612320d7f5', 'greens_fees', 'Pinehurst No. 2 — greens fees & cart for 8 players', 240000, 'USD', 'a1b2c3d4-0001-0001-0001-000000000001', 'equal', null, null, '2025-05-16', true, 'a1b2c3d4-0001-0001-0001-000000000001') on conflict (id) do nothing;
insert into public.expenses (id, trip_id, category, description, amount_cents, currency, paid_by_member_id, split_type, split_member_ids, split_date, expense_date, is_settled, created_by) values ('edb33561-63e7-50bf-80b0-fa25542ce044', '0039b7b6-fa06-5288-8ab8-bd612320d7f5', 'lodging', 'The Carolina Hotel — 3 nights, 4 rooms', 360000, 'USD', 'a1b2c3d4-0001-0001-0001-000000000001', 'equal', null, null, '2025-05-15', false, 'a1b2c3d4-0001-0001-0001-000000000001') on conflict (id) do nothing;
insert into public.expenses (id, trip_id, category, description, amount_cents, currency, paid_by_member_id, split_type, split_member_ids, split_date, expense_date, is_settled, created_by) values ('b9bb55a3-8c8e-5659-8d8f-2d41a8b75330', '4f4515a7-0310-5671-8e41-3201c05139bb', 'greens_fees', 'Pebble Beach Golf Links — 4 players with caddies', 148000, 'USD', 'a1b2c3d4-0002-0002-0002-000000000002', 'equal', null, null, '2025-08-21', false, 'a1b2c3d4-0002-0002-0002-000000000002') on conflict (id) do nothing;
insert into public.expenses (id, trip_id, category, description, amount_cents, currency, paid_by_member_id, split_type, split_member_ids, split_date, expense_date, is_settled, created_by) values ('ebbf6c8d-081b-5485-84fc-f12d3e8e76df', '4f303bf4-e22e-5559-870f-25e00bb08ae3', 'food_drink', 'Welcome dinner at Dead Dog Saloon', 62400, 'USD', 'a1b2c3d4-0003-0003-0003-000000000003', 'equal', null, null, '2025-10-03', false, 'a1b2c3d4-0003-0003-0003-000000000003') on conflict (id) do nothing;

-- ExpenseSettlements (expense_settlements)
insert into public.expense_settlements (id, trip_id, from_member_id, to_member_id, amount_cents, currency, is_paid, venmo_deeplink, paypal_deeplink, paid_at) values ('f14098d8-13e6-5519-886b-92502a28eec4', '0039b7b6-fa06-5288-8ab8-bd612320d7f5', 'a1b2c3d4-0004-0004-0004-000000000004', 'a1b2c3d4-0001-0001-0001-000000000001', 30000, 'USD', true, 'venmo://paycharge?txn=pay&recipients=mike-thompson-golf&amount=300.00&note=Pinehurst+No.2+greens+fees', 'https://paypal.me/mikethompsongolf/300', '2025-05-16T14:22:00Z') on conflict (id) do nothing;
insert into public.expense_settlements (id, trip_id, from_member_id, to_member_id, amount_cents, currency, is_paid, venmo_deeplink, paypal_deeplink, paid_at) values ('0aa5095c-d50d-54b8-82b2-876bf17303ca', '0039b7b6-fa06-5288-8ab8-bd612320d7f5', 'a1b2c3d4-0005-0005-0005-000000000005', 'a1b2c3d4-0001-0001-0001-000000000001', 45000, 'USD', false, 'venmo://paycharge?txn=pay&recipients=mike-thompson-golf&amount=450.00&note=Pinehurst+lodging+share', 'https://paypal.me/mikethompsongolf/450', null) on conflict (id) do nothing;

-- Rounds (rounds)
insert into public.rounds (id, trip_id, tee_time_id, course_name, round_date, is_complete, created_by) values ('898a5779-a6f3-5764-87f3-85eda25d2402', '0039b7b6-fa06-5288-8ab8-bd612320d7f5', '941601c7-7cbc-595e-87c0-0542ad1cb3f2', 'Pinehurst No. 2', '2025-05-16', true, 'a1b2c3d4-0001-0001-0001-000000000001') on conflict (id) do nothing;
insert into public.rounds (id, trip_id, tee_time_id, course_name, round_date, is_complete, created_by) values ('61dd8541-f877-52ac-8b54-382e1f208d9f', '0039b7b6-fa06-5288-8ab8-bd612320d7f5', '496b827e-41bc-5408-839f-75d292c9a616', 'Pinehurst No. 4', '2025-05-17', true, 'a1b2c3d4-0001-0001-0001-000000000001') on conflict (id) do nothing;
insert into public.rounds (id, trip_id, tee_time_id, course_name, round_date, is_complete, created_by) values ('35e9f348-72ab-5c5b-83fc-0b5495d2afcd', '4f4515a7-0310-5671-8e41-3201c05139bb', '91eb553c-4ac2-528f-8885-d3e752b6987c', 'Pebble Beach Golf Links', '2025-08-21', false, 'a1b2c3d4-0002-0002-0002-000000000002') on conflict (id) do nothing;

-- Scores (scores)
insert into public.scores (id, round_id, trip_id, member_id, total_score, score_relative_to_par, hole_scores, is_verified, created_by) values ('8a53b7ee-2d2c-5475-8781-4e9a0e75aaeb', '898a5779-a6f3-5764-87f3-85eda25d2402', '0039b7b6-fa06-5288-8ab8-bd612320d7f5', 'a1b2c3d4-0001-0001-0001-000000000001', 82, 10, '{"holes":[4,4,5,4,5,4,3,4,4,5,4,4,3,5,4,4,5,5]}'::jsonb, true, 'a1b2c3d4-0001-0001-0001-000000000001') on conflict (id) do nothing;
insert into public.scores (id, round_id, trip_id, member_id, total_score, score_relative_to_par, hole_scores, is_verified, created_by) values ('2a1a8597-fba6-5af2-832e-4f1d9fe3fd52', '898a5779-a6f3-5764-87f3-85eda25d2402', '0039b7b6-fa06-5288-8ab8-bd612320d7f5', 'a1b2c3d4-0004-0004-0004-000000000004', 78, 6, '{"holes":[4,3,5,4,4,4,3,4,4,5,4,4,3,5,4,4,4,6]}'::jsonb, true, 'a1b2c3d4-0004-0004-0004-000000000004') on conflict (id) do nothing;
insert into public.scores (id, round_id, trip_id, member_id, total_score, score_relative_to_par, hole_scores, is_verified, created_by) values ('8c80ed47-4396-5098-8fed-6e22f0fcd15a', '61dd8541-f877-52ac-8b54-382e1f208d9f', '0039b7b6-fa06-5288-8ab8-bd612320d7f5', 'a1b2c3d4-0001-0001-0001-000000000001', 85, 13, '{"holes":[5,4,5,4,5,4,4,4,5,5,4,5,4,5,4,4,5,5]}'::jsonb, true, 'a1b2c3d4-0001-0001-0001-000000000001') on conflict (id) do nothing;

-- Messages (messages)
insert into public.messages (id, trip_id, sender_member_id, guest_name, body, thread_date, is_announcement, is_deleted) values ('b93e72a2-f0a5-542f-86f9-8f82e3e7760d', '0039b7b6-fa06-5288-8ab8-bd612320d7f5', 'a1b2c3d4-0001-0001-0001-000000000001', null, 'Just confirmed Pinehurst No. 2 for Friday morning — PH2-88421. Check in by 7:30 AM. This is a bucket list course, boys. Don''t be late! 🏌️', '2025-04-10', true, false) on conflict (id) do nothing;
insert into public.messages (id, trip_id, sender_member_id, guest_name, body, thread_date, is_announcement, is_deleted) values ('0a5aeb67-12c7-5e70-88f4-42478256b72b', '0039b7b6-fa06-5288-8ab8-bd612320d7f5', 'a1b2c3d4-0004-0004-0004-000000000004', null, 'Reminder: everyone owes Mike $450 for the hotel split. Send it before we land — Venmo link is in the Expenses tab.', '2025-05-14', false, false) on conflict (id) do nothing;
insert into public.messages (id, trip_id, sender_member_id, guest_name, body, thread_date, is_announcement, is_deleted) values ('bf2050cb-5ad0-5417-8efc-9a52de9005cd', '4f4515a7-0310-5671-8e41-3201c05139bb', 'a1b2c3d4-0002-0002-0002-000000000002', null, 'Pebble Beach tee time locked in for 7:30 AM — caddies confirmed. Wear soft spikes and bring your A-game. This one''s been 10 years in the making 🌊⛳', '2025-07-15', true, false) on conflict (id) do nothing;
insert into public.messages (id, trip_id, sender_member_id, guest_name, body, thread_date, is_announcement, is_deleted) values ('05dd9266-eedd-5d95-8a8c-d2c59200168a', '4f303bf4-e22e-5559-870f-25e00bb08ae3', 'a1b2c3d4-0003-0003-0003-000000000003', null, 'Myrtle Beach itinerary is live — check the schedule. TPC on Saturday, Caledonia on Sunday. Dinner Friday night at Dead Dog Saloon is on me. Let''s gooo 🎉', '2025-09-01', true, false) on conflict (id) do nothing;

-- Announcements (announcements)
insert into public.announcements (id, trip_id, message_id, body, created_by, is_active) values ('ed0cf7f2-6b06-5a49-897d-aa51bcd09665', '0039b7b6-fa06-5288-8ab8-bd612320d7f5', 'b93e72a2-f0a5-542f-86f9-8f82e3e7760d', 'Pinehurst No. 2 tee time confirmed for Friday 8:00 AM — confirmation #PH2-88421. Check in by 7:30 AM. Cart path only.', 'a1b2c3d4-0001-0001-0001-000000000001', true) on conflict (id) do nothing;
insert into public.announcements (id, trip_id, message_id, body, created_by, is_active) values ('0e5bbe3e-39df-5a6e-8729-bd41ec00c2e0', '4f4515a7-0310-5671-8e41-3201c05139bb', 'bf2050cb-5ad0-5417-8efc-9a52de9005cd', 'Pebble Beach tee time set for 7:30 AM on Aug 21 — confirmation #PBL-200471. Caddies confirmed. Soft spikes required.', 'a1b2c3d4-0002-0002-0002-000000000002', true) on conflict (id) do nothing;
insert into public.announcements (id, trip_id, message_id, body, created_by, is_active) values ('b4c2e026-7868-5b73-8656-5f80ff062493', '4f303bf4-e22e-5559-870f-25e00bb08ae3', '05dd9266-eedd-5d95-8a8c-d2c59200168a', 'Full Myrtle Beach itinerary is posted. TPC Myrtle Beach on Oct 4 (9:00 AM), Caledonia Golf & Fish Club on Oct 5. Welcome dinner Friday at Dead Dog Saloon, 7:00 PM.', 'a1b2c3d4-0003-0003-0003-000000000003', true) on conflict (id) do nothing;
